时间,设备名称,片上时间(),加速度X(g),加速度Y(g),加速度Z(g),角速度X(°/s),角速度Y(°/s),角速度Z(°/s),位移X(mm),位移Y(mm),位移Z(mm),速度X(mm/s),速度Y(mm/s),速度Z(mm/s),角度X(°),角度Y(°),角度Z(°),磁场X(ʯt),磁场Y(ʯt),磁场Z(ʯt),温度(℃),四元数0(),四元数1(),四元数2(),四元数3(),电量原始值(),电量(%)()
 16:30:12.554,WT901BLE67, 2026-04-25 16:26:30.925, 0.02, -0.027, 0.994, 0, 0, 0.122, , , , , , , -1.631, -1.154, -32.855, -4.807, 9.153, 18.493, 31.37, 0.95892, -0.01651, -0.00562, -0.2829, 380, 55,
 16:30:12.681,WT901BLE67, 2026-04-25 16:26:30.925, 0.02, -0.027, 0.994, 0, 0, 0.061, , , , , , , -1.631, -1.154, -32.855, -6.207, 10.793, 19.493, 31.37, 0.95892, -0.01651, -0.00562, -0.2829, 380, 55,
 16:30:12.743,WT901BLE67, 2026-04-25 16:26:31.340, 0.02, -0.028, 0.994, 0, 0, 0.061, , , , , , , -1.631, -1.154, -32.855, -6.207, 10.793, 19.493, 31.37, 0.95892, -0.01651, -0.00562, -0.2829, 380, 55,
 16:30:12.868,WT901BLE67, 2026-04-25 16:26:31.340, 0.02, -0.028, 0.994, 0, 0, 0.122, , , , , , , -1.631, -1.154, -32.855, -6.207, 10.793, 19.493, 31.37, 0.95892, -0.01651, -0.00562, -0.2829, 380, 55,
 16:30:12.947,WT901BLE67, 2026-04-25 16:26:31.340, 0.021, -0.028, 0.993, 0, 0, 0.122, , , , , , , -1.631, -1.154, -32.855, -6.207, 10.793, 19.493, 31.37, 0.95892, -0.01651, -0.00562, -0.2829, 380, 55,
 16:30:13.073,WT901BLE67, 2026-04-25 16:26:31.340, 0.02, -0.028, 0.993, 0, 0, 0.061, , , , , , , -1.631, -1.154, -32.855, -7.107, 7.633, 20.493, 31.37, 0.95892, -0.01651, -0.00562, -0.2829, 380, 55,
 16:30:13.167,WT901BLE67, 2026-04-25 16:26:31.340, 0.019, -0.028, 0.994, 0, 0, 0.122, , , , , , , -1.631, -1.154, -32.855, -7.107, 7.633, 20.493, 31.37, 0.95892, -0.01651, -0.00562, -0.2829, 380, 55,
 16:30:13.278,WT901BLE67, 2026-04-25 16:26:31.340, 0.02, -0.027, 0.994, 0, 0, 0.061, , , , , , , -1.631, -1.154, -32.855, -7.107, 7.633, 20.493, 31.37, 0.95892, -0.01651, -0.00562, -0.2829, 380, 55,
 16:30:13.374,WT901BLE67, 2026-04-25 16:26:31.910, 0.02, -0.027, 0.994, -0.061, 0, 0.061, , , , , , , -1.631, -1.154, -32.855, -7.107, 7.633, 20.493, 31.37, 0.95892, -0.01651, -0.00562, -0.2829, 380, 55,
 16:30:13.485,WT901BLE67, 2026-04-25 16:26:31.910, 0.021, -0.028, 0.994, 0, 0, 0.061, , , , , , , -1.631, -1.154, -32.855, -7.107, 7.633, 20.493, 31.37, 0.95892, -0.01651, -0.00562, -0.2829, 380, 55,
 16:30:13.547,WT901BLE67, 2026-04-25 16:26:31.910, 0.02, -0.028, 0.994, 0, 0, 0.061, , , , , , , -1.631, -1.154, -32.855, -7.107, 7.633, 20.493, 31.37, 0.95892, -0.01651, -0.00562, -0.2829, 380, 55,
 16:30:13.673,WT901BLE67, 2026-04-25 16:26:31.910, 0.02, -0.028, 0.994, 0, 0, 0.061, , , , , , , -1.631, -1.154, -32.855, -7.107, 7.633, 20.493, 31.37, 0.95892, -0.01651, -0.00562, -0.2829, 380, 55,
 16:30:13.768,WT901BLE67, 2026-04-25 16:26:31.910, 0.02, -0.029, 0.994, 0, 0, 0.061, , , , , , , -1.631, -1.154, -32.855, -6.307, 7.393, 19.393, 31.37, 0.95892, -0.01651, -0.00562, -0.2829, 380, 55,
 16:30:13.880,WT901BLE67, 2026-04-25 16:26:31.910, 0.02, -0.028, 0.994, 0, 0, 0.061, , , , , , , -1.631, -1.154, -32.855, -6.307, 7.393, 19.393, 31.37, 0.95892, -0.01651, -0.00562, -0.2829, 380, 55,
 16:30:13.975,WT901BLE67, 2026-04-25 16:26:32.505, 0.019, -0.028, 0.994, 0, 0, 0.122, , , , , , , -1.631, -1.154, -32.855, -6.307, 7.393, 19.393, 31.37, 0.95892, -0.01651, -0.00562, -0.2829, 380, 55,
 16:30:14.085,WT901BLE67, 2026-04-25 16:26:32.505, 0.02, -0.028, 0.994, 0, 0, 0.122, , , , , , , -1.631, -1.154, -32.855, -6.307, 7.393, 19.393, 31.37, 0.95892, -0.01651, -0.00562, -0.2829, 380, 55,
 16:30:14.149,WT901BLE67, 2026-04-25 16:26:32.505, 0.02, -0.028, 0.994, 0, 0, 0.122, , , , , , , -1.631, -1.154, -32.855, -6.307, 7.393, 19.393, 31.37, 0.95892, -0.01651, -0.00562, -0.2829, 380, 55,
 16:30:14.276,WT901BLE67, 2026-04-25 16:26:32.505, 0.02, -0.028, 0.994, 0, 0, 0.122, , , , , , , -1.631, -1.154, -32.855, -6.307, 7.393, 19.393, 31.37, 0.95892, -0.01651, -0.00562, -0.2829, 380, 55,
 16:30:14.354,WT901BLE67, 2026-04-25 16:26:32.505, 0.02, -0.028, 0.994, 0, 0, 0.122, , , , , , , -1.631, -1.154, -32.855, -7.407, 8.573, 18.893, 31.37, 0.95892, -0.01651, -0.00562, -0.2829, 380, 55,
 16:30:14.479,WT901BLE67, 2026-04-25 16:26:32.505, 0.02, -0.028, 0.994, 0, 0, 0.061, , , , , , , -1.631, -1.154, -32.855, -7.407, 8.573, 18.893, 31.37, 0.95895, -0.01651, -0.00562, -0.2829, 380, 55,
 16:30:14.574,WT901BLE67, 2026-04-25 16:26:33.100, 0.019, -0.028, 0.994, 0, 0, 0.061, , , , , , , -1.631, -1.154, -32.855, -7.407, 8.573, 18.893, 31.37, 0.95895, -0.01651, -0.00562, -0.2829, 380, 55,
 16:30:14.685,WT901BLE67, 2026-04-25 16:26:33.100, 0.019, -0.028, 0.994, 0, 0, 0.061, , , , , , , -1.631, -1.154, -32.855, -7.407, 8.573, 18.893, 31.37, 0.95895, -0.01651, -0.00562, -0.2829, 380, 55,
 16:30:14.779,WT901BLE67, 2026-04-25 16:26:33.100, 0.02, -0.028, 0.994, 0, 0, 0.061, , , , , , , -1.631, -1.148, -32.855, -7.407, 8.573, 18.893, 31.37, 0.95895, -0.01651, -0.00562, -0.2829, 380, 55,
 16:30:14.937,WT901BLE67, 2026-04-25 16:26:33.100, 0.021, -0.029, 0.994, 0, 0, 0.061, , , , , , , -1.631, -1.154, -32.855, -5.507, 8.420, 20.193, 31.37, 0.95895, -0.01651, -0.00562, -0.2829, 380, 55,
 16:30:14.953,WT901BLE67, 2026-04-25 16:26:33.100, 0.02, -0.029, 0.993, 0, 0, 0.061, , , , , , , -1.631, -1.154, -32.855, -5.507, 8.420, 20.193, 31.37, 0.95895, -0.01651, -0.00562, -0.2829, 380, 55,
 16:30:15.078,WT901BLE67, 2026-04-25 16:26:33.100, 0.021, -0.028, 0.994, 0, 0, 0.122, , , , , , , -1.631, -1.154, -32.855, -5.507, 8.420, 20.193, 31.37, 0.95895, -0.01651, -0.00562, -0.2829, 380, 55,
 16:30:15.174,WT901BLE67, 2026-04-25 16:26:33.695, 0.02, -0.029, 0.994, 0, 0, 0.061, , , , , , , -1.631, -1.154, -32.855, -5.507, 8.420, 20.193, 31.37, 0.95895, -0.01651, -0.00562, -0.2829, 380, 55,
 16:30:15.283,WT901BLE67, 2026-04-25 16:26:33.695, 0.019, -0.028, 0.994, 0, 0, 0.122, , , , , , , -1.631, -1.154, -32.855, -5.507, 8.420, 20.193, 31.37, 0.95895, -0.01651, -0.00562, -0.2829, 380, 55,
 16:30:15.376,WT901BLE67, 2026-04-25 16:26:33.695, 0.02, -0.027, 0.994, 0, 0, 0.061, , , , , , , -1.631, -1.154, -32.855, -5.507, 8.420, 20.193, 31.37, 0.95895, -0.01651, -0.00562, -0.2829, 380, 55,
 16:30:15.504,WT901BLE67, 2026-04-25 16:26:33.695, 0.019, -0.028, 0.994, 0, 0, 0.122, , , , , , , -1.631, -1.154, -32.855, -5.507, 8.420, 20.193, 31.37, 0.95895, -0.01651, -0.00562, -0.2829, 380, 55,
 16:30:15.567,WT901BLE67, 2026-04-25 16:26:33.695, 0.02, -0.028, 0.993, -0.061, 0, 0.061, , , , , , , -1.631, -1.154, -32.855, -6.207, 8.860, 20.193, 31.37, 0.95895, -0.01651, -0.00562, -0.2829, 380, 55,
 16:30:15.677,WT901BLE67, 2026-04-25 16:26:33.695, 0.02, -0.028, 0.994, 0, 0, 0.061, , , , , , , -1.631, -1.154, -32.855, -6.207, 8.860, 21.093, 31.37, 0.95895, -0.01651, -0.00562, -0.2829, 380, 55,
 16:30:15.773,WT901BLE67, 2026-04-25 16:26:33.695, 0.02, -0.028, 0.994, 0, 0, 0.061, , , , , , , -1.631, -1.154, -32.855, -6.207, 8.860, 21.093, 31.37, 0.95895, -0.01651, -0.00562, -0.2829, 380, 55,
 16:30:15.891,WT901BLE67, 2026-04-25 16:26:33.695, 0.02, -0.028, 0.994, 0, 0, 0.122, , , , , , , -1.631, -1.154, -32.855, -6.207, 8.860, 21.093, 31.37, 0.95895, -0.01651, -0.00562, -0.2829, 380, 55,
 16:30:15.986,WT901BLE67, 2026-04-25 16:26:34.410, 0.019, -0.028, 0.994, 0, 0, 0.122, , , , , , , -1.631, -1.148, -32.855, -6.207, 8.860, 21.093, 31.37, 0.95895, -0.01651, -0.00562, -0.2829, 380, 55,
 16:30:16.097,WT901BLE67, 2026-04-25 16:26:34.410, 0.02, -0.028, 0.994, 0, 0, 0.061, , , , , , , -1.631, -1.148, -32.855, -6.207, 8.860, 21.093, 31.37, 0.95895, -0.01651, -0.00562, -0.2829, 380, 55,
 16:30:16.194,WT901BLE67, 2026-04-25 16:26:34.410, 0.02, -0.028, 0.994, 0, 0, 0.061, , , , , , , -1.631, -1.148, -32.855, -6.207, 8.860, 21.093, 31.37, 0.95895, -0.01651, -0.00562, -0.2829, 380, 55,
 16:30:16.303,WT901BLE67, 2026-04-25 16:26:34.410, 0.02, -0.028, 0.994, 0, 0, 0.122, , , , , , , -1.631, -1.148, -32.855, -5.207, 8.233, 20.493, 31.37, 0.95895, -0.01651, -0.00562, -0.2829, 380, 55,
 16:30:16.367,WT901BLE67, 2026-04-25 16:26:34.410, 0.02, -0.028, 0.994, 0, 0, 0.061, , , , , , , -1.631, -1.148, -32.855, -5.207, 8.233, 20.493, 31.37, 0.95895, -0.01651, -0.00562, -0.28287, 380, 55,
 16:30:16.494,WT901BLE67, 2026-04-25 16:26:34.945, 0.02, -0.028, 0.994, 0, 0, 0.061, , , , , , , -1.631, -1.148, -32.855, -5.207, 8.233, 20.493, 31.37, 0.95895, -0.01651, -0.00562, -0.28287, 380, 55,
 16:30:16.588,WT901BLE67, 2026-04-25 16:26:34.945, 0.02, -0.028, 0.993, 0, 0, 0.122, , , , , , , -1.631, -1.148, -32.855, -5.207, 8.233, 20.493, 31.37, 0.95895, -0.01651, -0.00562, -0.28287, 380, 55,
 16:30:16.704,WT901BLE67, 2026-04-25 16:26:34.945, 0.019, -0.028, 0.994, 0, 0, 0.061, , , , , , , -1.631, -1.154, -32.855, -6.107, 9.160, 18.593, 31.37, 0.95895, -0.01651, -0.00562, -0.28287, 380, 55,
 16:30:16.799,WT901BLE67, 2026-04-25 16:26:34.945, 0.02, -0.028, 0.994, 0, 0, 0.061, , , , , , , -1.631, -1.154, -32.855, -6.107, 9.160, 18.593, 31.37, 0.95895, -0.01651, -0.00562, -0.28287, 380, 55,
 16:30:16.908,WT901BLE67, 2026-04-25 16:26:35.365, 0.02, -0.028, 0.994, 0, 0, 0.061, , , , , , , -1.631, -1.154, -32.855, -6.107, 9.160, 18.593, 31.37, 0.95895, -0.01651, -0.00562, -0.28287, 380, 55,
 16:30:16.975,WT901BLE67, 2026-04-25 16:26:35.365, 0.02, -0.027, 0.993, 0, 0, 0.122, , , , , , , -1.631, -1.154, -32.855, -6.107, 9.160, 18.593, 31.37, 0.95895, -0.01651, -0.00562, -0.28287, 380, 55,
 16:30:17.084,WT901BLE67, 2026-04-25 16:26:35.365, 0.02, -0.028, 0.993, 0, 0, 0.061, , , , , , , -1.631, -1.148, -32.855, -6.107, 9.160, 18.593, 31.37, 0.95895, -0.01651, -0.00562, -0.28287, 380, 55,
 16:30:17.182,WT901BLE67, 2026-04-25 16:26:35.365, 0.02, -0.028, 0.994, 0, 0, 0.122, , , , , , , -1.631, -1.154, -32.855, -6.107, 9.160, 18.593, 31.37, 0.95895, -0.01651, -0.00562, -0.28287, 380, 55,
 16:30:17.293,WT901BLE67, 2026-04-25 16:26:35.365, 0.02, -0.028, 0.993, 0, 0, 0.061, , , , , , , -1.631, -1.154, -32.855, -5.607, 8.233, 20.393, 31.37, 0.95895, -0.01651, -0.00562, -0.28287, 380, 55,
 16:30:17.390,WT901BLE67, 2026-04-25 16:26:35.900, 0.02, -0.028, 0.994, 0, 0, 0.061, , , , , , , -1.631, -1.154, -32.855, -5.607, 8.233, 20.393, 31.37, 0.95895, -0.01651, -0.00562, -0.28287, 380, 55,
 16:30:17.516,WT901BLE67, 2026-04-25 16:26:35.900, 0.019, -0.028, 0.994, 0, 0, 0.122, , , , , , , -1.631, -1.154, -32.855, -5.607, 8.233, 20.393, 31.37, 0.95895, -0.01651, -0.00562, -0.28287, 380, 55,
 16:30:17.594,WT901BLE67, 2026-04-25 16:26:35.900, 0.02, -0.028, 0.993, 0, 0, 0.061, , , , , , , -1.631, -1.154, -32.855, -5.607, 8.233, 20.393, 31.37, 0.95895, -0.01651, -0.00562, -0.28287, 380, 55,
 16:30:17.721,WT901BLE67, 2026-04-25 16:26:35.900, 0.02, -0.028, 0.993, 0, 0, 0.061, , , , , , , -1.631, -1.148, -32.855, -6.007, 8.267, 21.393, 31.37, 0.95895, -0.01651, -0.00562, -0.28287, 380, 55,
 16:30:17.783,WT901BLE67, 2026-04-25 16:26:36.345, 0.02, -0.028, 0.994, 0, 0, 0.122, , , , , , , -1.631, -1.148, -32.855, -6.007, 8.267, 21.393, 31.37, 0.95895, -0.01651, -0.00562, -0.28287, 380, 55,
 16:30:17.894,WT901BLE67, 2026-04-25 16:26:36.345, 0.02, -0.028, 0.994, 0, 0, 0.061, , , , , , , -1.631, -1.148, -32.855, -6.007, 8.267, 21.393, 31.37, 0.95895, -0.01651, -0.00562, -0.28287, 380, 55,
 16:30:17.989,WT901BLE67, 2026-04-25 16:26:36.345, 0.02, -0.028, 0.994, 0, 0, 0.122, , , , , , , -1.631, -1.148, -32.855, -6.007, 8.267, 21.393, 31.37, 0.95895, -0.01651, -0.00562, -0.28287, 380, 55,
 16:30:18.116,WT901BLE67, 2026-04-25 16:26:36.345, 0.021, -0.028, 0.994, 0, 0, 0.061, , , , , , , -1.631, -1.148, -32.855, -6.007, 8.267, 21.393, 31.37, 0.95895, -0.01651, -0.00562, -0.28287, 380, 55,
 16:30:18.199,WT901BLE67, 2026-04-25 16:26:36.345, 0.02, -0.028, 0.993, 0, 0, 0.061, , , , , , , -1.631, -1.148, -32.855, -7.107, 8.013, 19.993, 31.37, 0.95895, -0.01651, -0.00562, -0.28287, 380, 55,
 16:30:18.325,WT901BLE67, 2026-04-25 16:26:36.345, 0.02, -0.028, 0.994, 0, 0, 0.122, , , , , , , -1.631, -1.148, -32.855, -7.107, 8.013, 19.993, 31.37, 0.95895, -0.01651, -0.00562, -0.28287, 380, 55,
 16:30:18.387,WT901BLE67, 2026-04-25 16:26:36.855, 0.02, -0.028, 0.994, 0, 0, 0.061, , , , , , , -1.631, -1.148, -32.855, -7.107, 8.013, 19.993, 31.37, 0.95895, -0.01651, -0.00562, -0.28287, 380, 55,
 16:30:18.498,WT901BLE67, 2026-04-25 16:26:36.855, 0.02, -0.028, 0.994, 0, 0, 0.061, , , , , , , -1.631, -1.148, -32.855, -7.107, 8.013, 19.993, 31.37, 0.95895, -0.01651, -0.00562, -0.28287, 380, 55,
 16:30:18.594,WT901BLE67, 2026-04-25 16:26:36.855, 0.02, -0.028, 0.994, 0, 0, 0.061, , , , , , , -1.631, -1.148, -32.855, -7.107, 8.013, 19.993, 31.37, 0.95895, -0.01651, -0.00562, -0.28287, 380, 55,
 16:30:18.704,WT901BLE67, 2026-04-25 16:26:36.855, 0.02, -0.028, 0.994, 0, 0, 0.122, , , , , , , -1.631, -1.148, -32.855, -5.907, 8.280, 21.593, 31.37, 0.95895, -0.01648, -0.00562, -0.28287, 380, 55,
 16:30:18.799,WT901BLE67, 2026-04-25 16:26:37.300, 0.021, -0.028, 0.994, 0, 0, 0.061, , , , , , , -1.631, -1.148, -32.855, -5.907, 8.280, 21.593, 31.37, 0.95895, -0.01648, -0.00562, -0.28287, 380, 55,
 16:30:18.929,WT901BLE67, 2026-04-25 16:26:37.300, 0.021, -0.028, 0.994, 0, 0, 0.122, , , , , , , -1.631, -1.148, -32.855, -5.907, 8.280, 21.593, 31.37, 0.95895, -0.01648, -0.00562, -0.28287, 380, 55,
 16:30:19.008,WT901BLE67, 2026-04-25 16:26:37.300, 0.02, -0.028, 0.994, 0, 0, 0.061, , , , , , , -1.631, -1.148, -32.855, -5.907, 8.280, 21.593, 31.37, 0.95895, -0.01648, -0.00562, -0.28287, 380, 55,
 16:30:19.133,WT901BLE67, 2026-04-25 16:26:37.300, 0.02, -0.028, 0.993, 0, 0, 0.061, , , , , , , -1.631, -1.148, -32.849, -5.607, 8.847, 20.793, 31.37, 0.95895, -0.01648, -0.00562, -0.28287, 380, 55,
 16:30:19.197,WT901BLE67, 2026-04-25 16:26:37.300, 0.02, -0.028, 0.993, 0, 0, 0.061, , , , , , , -1.631, -1.148, -32.849, -5.607, 8.847, 20.793, 31.37, 0.95895, -0.01648, -0.00562, -0.28287, 380, 55,
 16:30:19.305,WT901BLE67, 2026-04-25 16:26:37.775, 0.02, -0.028, 0.994, 0, 0, 0.061, , , , , , , -1.631, -1.148, -32.855, -5.607, 8.847, 20.793, 31.37, 0.95895, -0.01648, -0.00562, -0.28287, 380, 55,
 16:30:19.400,WT901BLE67, 2026-04-25 16:26:37.775, 0.02, -0.027, 0.994, 0, 0, 0.122, , , , , , , -1.631, -1.148, -32.855, -5.607, 8.847, 20.793, 31.37, 0.95895, -0.01648, -0.00562, -0.28287, 380, 55,
 16:30:19.526,WT901BLE67, 2026-04-25 16:26:37.775, 0.02, -0.028, 0.994, 0, 0, 0.061, , , , , , , -1.631, -1.154, -32.855, -5.607, 8.847, 20.793, 31.37, 0.95895, -0.01648, -0.00562, -0.28287, 380, 55,
 16:30:19.618,WT901BLE67, 2026-04-25 16:26:37.775, 0.02, -0.028, 0.995, 0, 0, 0.122, , , , , , , -1.631, -1.148, -32.849, -5.107, 5.847, 20.793, 31.37, 0.95895, -0.01648, -0.00562, -0.28287, 380, 55,
 16:30:19.730,WT901BLE67, 2026-04-25 16:26:38.225, 0.02, -0.028, 0.994, 0, 0, 0.061, , , , , , , -1.631, -1.154, -32.849, -5.107, 5.847, 20.793, 31.37, 0.95895, -0.01648, -0.00562, -0.28287, 380, 55,
 16:30:19.794,WT901BLE67, 2026-04-25 16:26:38.225, 0.02, -0.028, 0.994, 0, 0, 0.122, , , , , , , -1.631, -1.154, -32.849, -5.107, 5.847, 20.793, 31.37, 0.95895, -0.01648, -0.00562, -0.28287, 380, 55,
 16:30:19.904,WT901BLE67, 2026-04-25 16:26:38.225, 0.02, -0.028, 0.993, 0, 0, 0.061, , , , , , , -1.626, -1.154, -32.849, -5.107, 5.847, 20.793, 31.37, 0.95895, -0.01648, -0.00562, -0.28287, 380, 55,
 16:30:19.999,WT901BLE67, 2026-04-25 16:26:38.225, 0.02, -0.028, 0.994, 0, 0, 0.061, , , , , , , -1.626, -1.154, -32.849, -6.807, 8.360, 18.593, 31.37, 0.95895, -0.01648, -0.00562, -0.28287, 380, 55,
 16:30:20.124,WT901BLE67, 2026-04-25 16:26:38.225, 0.02, -0.028, 0.994, 0, 0, 0.061, , , , , , , -1.626, -1.148, -32.849, -6.807, 8.360, 18.593, 31.37, 0.95895, -0.01648, -0.00562, -0.28287, 380, 55,
 16:30:20.219,WT901BLE67, 2026-04-25 16:26:38.640, 0.02, -0.028, 0.994, 0, 0, 0.122, , , , , , , -1.626, -1.148, -32.849, -6.807, 8.360, 18.593, 31.37, 0.95895, -0.01648, -0.00562, -0.28287, 380, 55,
 16:30:20.329,WT901BLE67, 2026-04-25 16:26:38.640, 0.019, -0.028, 0.993, 0, 0, 0.061, , , , , , , -1.626, -1.148, -32.849, -6.807, 8.360, 18.593, 31.37, 0.95895, -0.01648, -0.00562, -0.28287, 380, 55,
 16:30:20.424,WT901BLE67, 2026-04-25 16:26:38.640, 0.019, -0.028, 0.994, 0, 0, 0.061, , , , , , , -1.626, -1.148, -32.849, -6.807, 8.360, 18.593, 31.37, 0.95895, -0.01648, -0.00562, -0.28287, 380, 55,
 16:30:20.533,WT901BLE67, 2026-04-25 16:26:38.640, 0.02, -0.028, 0.993, 0, 0, 0.122, , , , , , , -1.626, -1.148, -32.849, -6.207, 7.207, 19.793, 31.37, 0.95895, -0.01648, -0.00562, -0.28287, 380, 55,
 16:30:20.598,WT901BLE67, 2026-04-25 16:26:38.640, 0.02, -0.028, 0.994, 0, 0, 0.061, , , , , , , -1.626, -1.148, -32.849, -6.207, 7.207, 19.793, 31.37, 0.95895, -0.01648, -0.00562, -0.28287, 380, 55,
 16:30:20.724,WT901BLE67, 2026-04-25 16:26:39.175, 0.02, -0.028, 0.994, 0, 0, 0.122, , , , , , , -1.626, -1.148, -32.849, -6.207, 7.207, 19.793, 31.37, 0.95895, -0.01648, -0.00562, -0.28287, 380, 55,
 16:30:20.802,WT901BLE67, 2026-04-25 16:26:39.175, 0.02, -0.028, 0.993, 0, 0, 0.122, , , , , , , -1.626, -1.148, -32.849, -6.207, 7.207, 19.793, 31.37, 0.95895, -0.01648, -0.00562, -0.28287, 380, 55,
 16:30:20.932,WT901BLE67, 2026-04-25 16:26:39.175, 0.021, -0.028, 0.994, 0, 0, 0.061, , , , , , , -1.626, -1.148, -32.849, -6.207, 7.207, 19.793, 31.37, 0.95895, -0.01648, -0.00562, -0.28287, 380, 55,
 16:30:21.026,WT901BLE67, 2026-04-25 16:26:39.175, 0.02, -0.028, 0.994, 0, 0, 0.061, , , , , , , -1.626, -1.148, -32.849, -6.207, 8.207, 19.793, 31.37, 0.95895, -0.01648, -0.00562, -0.28287, 380, 55,
 16:30:21.137,WT901BLE67, 2026-04-25 16:26:39.625, 0.02, -0.028, 0.994, 0, 0, 0.061, , , , , , , -1.626, -1.148, -32.849, -6.207, 8.207, 19.793, 31.37, 0.95895, -0.01648, -0.00562, -0.28287, 380, 55,
 16:30:21.200,WT901BLE67, 2026-04-25 16:26:39.625, 0.02, -0.027, 0.994, 0, 0, 0.061, , , , , , , -1.626, -1.148, -32.849, -6.207, 8.207, 19.793, 31.37, 0.95895, -0.01648, -0.00562, -0.28287, 380, 55,
 16:30:21.329,WT901BLE67, 2026-04-25 16:26:39.625, 0.02, -0.028, 0.994, 0, 0, 0.061, , , , , , , -1.626, -1.148, -32.849, -6.207, 8.207, 19.793, 31.37, 0.95895, -0.01648, -0.00562, -0.28287, 380, 55,
 16:30:21.406,WT901BLE67, 2026-04-25 16:26:39.625, 0.02, -0.029, 0.993, 0, 0, 0.061, , , , , , , -1.626, -1.148, -32.849, -6.207, 8.207, 19.793, 31.37, 0.95895, -0.01648, -0.00562, -0.28287, 380, 55,
 16:30:21.532,WT901BLE67, 2026-04-25 16:26:39.625, 0.02, -0.028, 0.994, 0, 0, 0.061, , , , , , , -1.626, -1.148, -32.849, -7.207, 10.633, 20.393, 31.37, 0.95895, -0.01648, -0.00562, -0.28287, 380, 55,
 16:30:21.658,WT901BLE67, 2026-04-25 16:26:40.160, 0.02, -0.028, 0.993, 0, 0, 0.122, , , , , , , -1.626, -1.148, -32.849, -7.207, 10.633, 20.393, 31.37, 0.95895, -0.01648, -0.00562, -0.28287, 380, 55,
 16:30:21.735,WT901BLE67, 2026-04-25 16:26:40.160, 0.02, -0.028, 0.993, 0, 0, 0.061, , , , , , , -1.626, -1.154, -32.849, -7.207, 10.633, 20.393, 31.37, 0.95895, -0.01648, -0.00562, -0.28287, 380, 55,
 16:30:21.830,WT901BLE67, 2026-04-25 16:26:40.160, 0.02, -0.028, 0.994, 0, 0, 0.061, , , , , , , -1.626, -1.154, -32.849, -7.207, 10.633, 20.393, 31.37, 0.95895, -0.01648, -0.00562, -0.28287, 380, 55,
 16:30:21.955,WT901BLE67, 2026-04-25 16:26:40.160, 0.02, -0.028, 0.993, 0, 0, 0.061, , , , , , , -1.631, -1.154, -32.849, -7.207, 10.633, 20.393, 31.37, 0.95895, -0.01648, -0.00562, -0.28287, 380, 55,
 16:30:22.016,WT901BLE67, 2026-04-25 16:26:40.160, 0.021, -0.028, 0.994, 0, 0, 0.061, , , , , , , -1.631, -1.154, -32.849, -7.207, 9.267, 21.293, 31.37, 0.95895, -0.01648, -0.00562, -0.28287, 380, 55,
 16:30:22.129,WT901BLE67, 2026-04-25 16:26:40.160, 0.019, -0.028, 0.993, 0, 0, 0.061, , , , , , , -1.626, -1.154, -32.849, -7.207, 9.267, 21.293, 31.37, 0.95895, -0.01648, -0.00562, -0.28287, 380, 55,
 16:30:22.222,WT901BLE67, 2026-04-25 16:26:40.160, 0.02, -0.028, 0.994, 0, 0, 0.061, , , , , , , -1.631, -1.154, -32.849, -7.207, 9.267, 21.293, 31.37, 0.95895, -0.01648, -0.00562, -0.28287, 380, 55,
 16:30:22.333,WT901BLE67, 2026-04-25 16:26:40.160, 0.02, -0.028, 0.994, 0, 0, 0.061, , , , , , , -1.626, -1.154, -32.849, -7.207, 9.267, 21.293, 31.11, 0.95895, -0.01648, -0.00562, -0.28287, 380, 55,
 16:30:22.428,WT901BLE67, 2026-04-25 16:26:40.905, 0.02, -0.028, 0.993, 0, 0, 0.122, , , , , , , -1.626, -1.154, -32.849, -7.207, 9.267, 21.293, 31.11, 0.95895, -0.01648, -0.00562, -0.28287, 380, 55,
 16:30:22.554,WT901BLE67, 2026-04-25 16:26:40.905, 0.019, -0.028, 0.993, 0, 0, 0.061, , , , , , , -1.626, -1.154, -32.849, -7.207, 9.267, 21.293, 31.11, 0.95895, -0.01648, -0.00562, -0.28287, 380, 55,
 16:30:22.602,WT901BLE67, 2026-04-25 16:26:40.905, 0.02, -0.028, 0.994, 0, 0, 0.122, , , , , , , -1.626, -1.154, -32.849, -7.207, 9.267, 21.293, 31.11, 0.95895, -0.01648, -0.00562, -0.28287, 380, 55,
